ID,Bối cảnh trong game,Câu hỏi / Tình huống,Lựa chọn A,Lựa chọn B,Lựa chọn C,Lựa chọn D,Đáp án đúng,Đúng: Δ str,Đúng: Δ int,Đúng: Δ agi,Đúng: Δ cha,Feedback khi đúng,Feedback khi sai,Bài học (Learning)
Q01,Buổi họp Hội đồng quản trị đầu tiên của Minh Quân. Doanh thu tháng thấp hơn kỳ vọng.,Team marketing đề xuất cộng cả doanh thu 'dự kiến' từ các gói nạp chưa được cổng thanh toán xác nhận để con số trông đẹp hơn. Bạn làm gì?,"Báo cáo số đã xác nhận, tách riêng phần dự kiến kèm chú thích rõ nguồn và mức độ chắc chắn","Đồng ý cộng vào, tháng sau điều chỉnh lại là được","Chỉ báo cáo số đã xác nhận, không nhắc gì tới phần dự kiến","Xin lùi cuộc họp sang tuần sau, chờ số đẹp hơn",A,1,1,0,2,"Chuẩn! Số liệu thật, phần dự kiến được gắn nhãn rõ ràng. Hội đồng tin bạn hơn.",Con số 'làm đẹp' hôm nay là khoản nợ niềm tin ngày mai. Báo cáo phải phân biệt rõ số thật và số dự kiến.,Integrity bắt đầu từ con số: không trộn dữ liệu chưa xác nhận vào báo cáo chính thức.
Q02,"Email gửi tới lúc nửa đêm, tiêu đề 'App Store Review: Game của bạn sẽ bị gỡ trong 24h'. Tên miền người gửi là appstore-review-center.co.",Email yêu cầu đăng nhập tài khoản developer qua đường link đính kèm để 'kháng nghị'. Bạn làm gì?,"Không bấm link; tự vào App Store Connect bằng địa chỉ chính thức để kiểm tra, rồi báo email này cho team Security",Bấm link đăng nhập ngay vì sợ game bị gỡ,Chuyển tiếp email cho cả team hỏi có ai biết không,Xóa email và bỏ qua,A,1,0,1,0,"Quá tỉnh táo! Luôn tự vào kênh chính thức thay vì bấm link trong email, và báo lại để cả công ty được cảnh báo.",Phishing đánh vào nỗi sợ và sự gấp gáp. Tên miền lạ và hạn chót 24h là dấu hiệu lừa đảo kinh điển.,"Không bấm link lạ, kiểm tra qua kênh chính thức, báo Security để chặn cho cả công ty."
Q03,"Khang, kỹ sư trẻ, gửi bằng chứng: lịch sử commit và email cho thấy đề án tối ưu server là của cậu. Giám đốc chi nhánh (cháu một cổ đông lớn) đã nhận công.",Bạn xử lý thế nào?,Bỏ qua để giữ quan hệ với cổ đông,"Âm thầm tăng lương cho Khang để bù đắp, không làm rõ chuyện nhận công","Làm việc với cả hai bên, xem bằng chứng, ghi nhận công đúng người và xử lý vi phạm theo quy trình",Đăng tên giám đốc lên group toàn công ty để răn đe,C,1,1,0,2,"Công bằng dựa trên bằng chứng và quy trình, không dựa trên quan hệ. Khang và cả team nhìn thấy điều đó.",Im lặng hay bêu riếu đều không giải quyết gốc rễ. Hãy xác minh bằng chứng và xử lý theo quy trình.,"Ghi nhận đúng người, đúng việc là nền của văn hóa công bằng."
Q04,Đối tác phát hành nước ngoài cần build game chưa ra mắt để test trong hôm nay.,Khang định up build lên Google Drive cá nhân và để quyền 'Bất kỳ ai có đường link'. Bạn nói gì?,Mời đối tác tới văn phòng nhận trực tiếp,"Nén file đặt mật khẩu, gửi mật khẩu trong cùng email","Cho phép, miễn là nhanh","Gửi qua kênh chia sẻ nội bộ đã được duyệt, giới hạn đúng người nhận, đặt hạn truy cập, sau khi NDA đã ký",D,1,0,1,0,"Đúng quy trình: đúng kênh, đúng người, có hạn, có NDA. Build chưa ra mắt là tài sản lớn nhất của studio.",Link công khai hoặc mật khẩu gửi kèm email đều dễ rò rỉ. Một build lộ ra có thể giết cả chiến dịch ra mắt.,"Tài sản chưa công bố chỉ đi qua kênh được duyệt, có kiểm soát quyền truy cập."
Q05,Một lỗi server làm mất vật phẩm của khoảng 2.000 người chơi đã nạp tiền.,Bộ phận CS đề xuất sửa âm thầm và không thông báo để tránh ồn ào. Bạn quyết định?,"Thông báo là 'bảo trì định kỳ', hoàn trả lặng lẽ","Sửa âm thầm, không thông báo gì","Thông báo công khai, xin lỗi, hoàn trả vật phẩm kèm đền bù và nêu rõ thời gian khắc phục",Chỉ hoàn trả cho người chơi nào khiếu nại,C,1,1,0,2,Minh bạch biến sự cố thành cơ hội ghi điểm với cộng đồng. Người chơi nhớ cách bạn xử lý hơn là lỗi.,Cộng đồng game luôn phát hiện ra. Giấu lỗi thì khủng hoảng truyền thông còn lớn hơn lỗi gốc.,"Nói thật, nói sớm, nói kèm giải pháp."
Q06,Milestone alpha bị trễ 2 tuần. Team Art và team Dev đổ lỗi cho nhau trong họp.,Bạn làm gì?,"Họp chung hai team, cùng vẽ lại luồng bàn giao, tìm điểm nghẽn và thống nhất cách phối hợp",Để hai team tự giải quyết với nhau,Tuyển thêm người cho cả hai team,Xác định bên sai và phạt trước toàn công ty,A,0,1,0,4,Tìm điểm nghẽn thay vì tìm người để trách. Hai team rời phòng họp như một đội.,Đổ lỗi hay đứng ngoài đều làm rạn nứt đội ngũ. Vấn đề thường nằm ở quy trình bàn giao chứ không ở con người.,"Positive là tập trung vào giải pháp chung, không phải người có lỗi."
Q07,BOSS ACT 1. Cổ đông lớn nhất hẹn gặp riêng Minh Quân.,"Ông đề nghị: nếu bạn ký hợp đồng outsource cho công ty của người nhà ông (giá cao hơn thị trường 40%), ông sẽ ủng hộ bạn trong mọi phiên họp. Bạn làm gì?","Từ chối riêng, không báo ai để giữ hòa khí","Từ chối, công khai xung đột lợi ích với Hội đồng và yêu cầu đấu thầu minh bạch theo quy trình",Ký để đổi lấy sự ủng hộ,Ký nhưng ép giảm giá 20%,B,1,1,0,2,Hạ gục I-Boss! Bạn giữ được liêm chính kể cả khi phải trả giá bằng quyền lực.,Một chữ ký đổi lấy ủng hộ là chiếc thòng lọng quanh cổ. Xung đột lợi ích phải được công khai và xử lý theo quy trình.,"Liêm chính là làm đúng cả khi không ai nhìn thấy, và cả khi phải trả giá."
Q08,"Ngày ra mắt, server lag khiến game bị đánh giá 1 sao hàng loạt. Team rất nản.",Bạn phản ứng thế nào?,Ẩn bớt bình luận tiêu cực trên fanpage,Gặp riêng từng trưởng nhóm để động viên,"Họp nhanh, chia việc: xử lý server, phản hồi người chơi, lên kế hoạch update; ghi nhận nỗ lực của team",Đổ lỗi cho nhà cung cấp cloud trên fanpage,C,0,1,0,4,Kiên cường là biến cú sốc thành kế hoạch hành động. Team thấy có đường ra và lấy lại lửa.,Né tránh hay đổ lỗi chỉ kéo dài khủng hoảng. Người chơi cần thấy bạn đang hành động.,"Khi mọi thứ tệ đi, hãy chia nhỏ vấn đề và cho team thấy bước tiếp theo."
Q09,"Giữa lúc bận rộn, bạn lỡ bấm vào link lạ và nhập mật khẩu email công ty.",Bạn làm gì tiếp theo?,"Tự đổi mật khẩu, không nói với ai",Chờ xem có chuyện gì xảy ra không,"Báo ngay cho team Security, đổi mật khẩu, bật xác thực 2 lớp và kể rõ những gì đã làm",Nhờ một đồng nghiệp kiểm tra giúp,C,1,0,1,0,Báo sớm là cách tốt nhất để chặn thiệt hại. Security có thể khóa phiên đăng nhập lạ trước khi kẻ gian kịp dùng.,"Kẻ gian có thể đã vào hộp thư, đặt luật chuyển tiếp email. Chỉ đổi mật khẩu là chưa đủ.","Mắc lỗi bảo mật không đáng sợ bằng giấu lỗi bảo mật. Báo ngay, báo đủ."
Q10,Hội đồng cắt 50% ngân sách marketing cho game sắp ra mắt.,Bạn làm gì với team marketing?,Xin Hội đồng cấp thêm ngân sách,"Cùng team tìm cách: tận dụng cộng đồng, KOL nhỏ, sự kiện trong game và đo xem kênh nào hiệu quả nhất","Giữ kế hoạch cũ, tiêu hết ngân sách trong nửa tháng",Nói với team lần này chắc thua rồi,B,0,1,0,4,Ngân sách ít buộc team sáng tạo hơn. Bạn cho team một hướng đi thay vì một lời than.,Tâm thế của lãnh đạo lan sang cả team. Hãy đặt câu hỏi 'làm sao được' thay vì 'sao mà được'.,"Positive không phải lạc quan suông, mà là luôn tìm lối đi trong giới hạn có thật."
Q11,"Bữa tối, hôn thê Uyên Thư hỏi về ngày ra mắt game bí mật và doanh thu quý. Cô nói 'chỉ tò mò thôi'.",Bạn trả lời thế nào?,"Kể hết, người nhà mà","Đổi chủ đề, đồng thời khóa máy và cất tài liệu","Kể sơ qua, chỉ không nói con số",Lịch sự từ chối: thông tin chưa công bố chỉ chia sẻ với người có thẩm quyền theo NDA,D,1,0,1,0,Bảo mật không phân biệt người thân hay người lạ. Và bạn vừa tránh được chiếc bẫy của đối thủ.,Rò rỉ thường bắt đầu từ những câu chuyện 'chỉ tò mò thôi'. Thông tin chưa công bố phải giữ kín với mọi người ngoài.,Nguyên tắc cần-biết: chỉ ai cần biết để làm việc mới được biết.
Q12,"Trong họp chiến lược, một nhân viên mới thẳng thắn phản biện hướng game bạn đề xuất.",Bạn làm gì?,Hẹn nói chuyện riêng sau buổi họp,Đồng ý ngay cho bạn ấy vui,"Cảm ơn, hỏi thêm dữ liệu, cùng team đánh giá; nếu hợp lý thì áp dụng và ghi nhận công bạn ấy","Gạt đi, bạn là Chủ tịch",C,0,1,0,4,Bạn vừa cho cả phòng thấy góp ý thẳng thắn được chào đón. Đó là cách team dám nói điều đúng.,Gạt đi hay đồng ý cho qua đều làm team ngừng góp ý thật. Hãy đánh giá ý kiến bằng dữ liệu.,"Lắng nghe thật sự là hỏi thêm và đánh giá bằng dữ liệu, không phải gật đầu."
Q13,"Một cổ đông chỉ trích bạn gay gắt trên báo, bài viết lan rộng trong công ty.",Bạn phản ứng thế nào?,Phản pháo trên mạng xã hội,Im lặng và tự dằn vặt nhiều ngày,Gặp riêng cổ đông đó để nghe rõ góp ý,"Bình tĩnh, lọc ý có giá trị, trả lời bằng kết quả và dữ liệu, giữ nhịp làm việc cho team",D,0,1,0,4,Giữ bình tĩnh và để kết quả lên tiếng. Team nhìn cách bạn chịu áp lực để biết cách họ nên chịu áp lực.,Phản pháo công khai hay suy sụp đều khiến team mất phương hướng. Chọn lọc góp ý và hành động.,"Chỉ trích là dữ liệu, không phải bản án. Lọc lấy phần giá trị và đi tiếp."
Q14,"BOSS ACT 2. Dự án game chủ lực bị hủy sau 18 tháng phát triển. Team 40 người mất tinh thần, vài người định nghỉ.",Bạn làm gì?,Đổ lỗi cho thị trường và ban lãnh đạo cũ,"Gửi email thông báo, chuyển người sang dự án khác ngay",Nói với team rằng đây không phải lỗi của ai,"Gặp trực tiếp, nói rõ lý do, ghi nhận đóng góp, tổ chức rút kinh nghiệm, tái dùng công nghệ vào dự án mới và hỏi mong muốn từng người",D,0,1,0,4,"Hạ gục P-Boss! 18 tháng không mất đi: công nghệ, bài học và con người được giữ lại cho chặng mới.","Một email lạnh lùng hay lời đổ lỗi sẽ khiến người giỏi ra đi. Thất bại cần được gọi tên, ghi nhận và chuyển hóa.","Lãnh đạo tích cực biến thất bại thành tài sản: bài học, công nghệ và một đội ngũ còn nguyên vẹn."
Q15,"Còn 3 ngày là ra mắt game thì phát hiện lỗi mất save game, team muốn giấu lỗi cho kịp KPI",Bạn làm gì?,Không phải việc của mình,Đăng lên group chung cho mọi người biết,Nhắn cho team phụ trách rồi thôi,"Báo ngay cho team phụ trách và Security kèm bằng chứng, đề nghị hỗ trợ, theo dõi đến khi được vá",D,1,0,1,0,"Ownership là coi vấn đề của công ty là vấn đề của mình, và theo nó đến khi được giải quyết.",Lỗ hổng không chờ ai nhận việc. Đăng công khai còn giúp kẻ xấu biết để khai thác.,"Thấy vấn đề thì báo đúng người, đúng kênh, và theo tới cùng."
Q16,Bạn phê duyệt ngân sách cho một chiến dịch quảng cáo dựa trên số liệu chưa kiểm tra. Chiến dịch lỗ 500 triệu đồng.,Hội đồng hỏi nguyên nhân. Bạn trả lời?,Nói do team đưa số liệu sai,"Nhận trách nhiệm, phân tích nguyên nhân, đưa phương án khắc phục và sửa quy trình phê duyệt",Chờ ai hỏi cụ thể mới giải thích,Nhận lỗi nhưng chưa có phương án,B,1,0,1,0,"Người đứng đầu nhận phần trách nhiệm của mình trước. Kèm phương án, lời nhận lỗi trở thành kế hoạch.",Đổ lỗi xuống dưới làm team sợ báo cáo thật. Người phê duyệt chịu trách nhiệm cho quyết định của mình.,"Nhận lỗi, tìm nguyên nhân gốc, sửa quy trình để lỗi không lặp lại."
Q17,Bạn đã hứa với cộng đồng sẽ ra tính năng Guild trong tháng này. Dev báo có nguy cơ trễ 2 tuần.,Bạn làm gì?,"Chủ động thông báo sớm lý do và mốc mới, cập nhật tiến độ hằng tuần, tặng quà bù cho người chơi","Ra trước một phần tính năng cho đúng hạn, phần còn lại ra sau",Ép team làm xuyên đêm cho kịp,"Im lặng, trễ thì trễ",A,1,0,1,0,"Giữ lời hứa không chỉ là đúng hạn, mà là không để cộng đồng phải đoán. Cập nhật đều đặn giữ được niềm tin.",Im lặng khiến cộng đồng thất vọng gấp đôi. Ép crunch thì đổi deadline bằng sức khỏe team.,"Cam kết đi kèm cập nhật: báo sớm khi có rủi ro, giữ lời bằng hành động."
Q18,Một dev lỡ push API key của server thanh toán lên repo GitHub công khai.,Việc đầu tiên cần làm là gì?,Chuyển repo sang chế độ riêng tư,"Thu hồi key ngay, tạo key mới, kiểm tra log truy cập, báo Security và bật công cụ quét bí mật cho repo",Khiển trách dev trước toàn công ty,Xóa commit chứa key là xong,B,1,0,1,0,"Chính xác! Key đã lên internet thì coi như đã lộ: thu hồi trước, điều tra sau.",Bot quét GitHub tìm key chỉ trong vài phút. Xóa commit hay đổi sang private không thu hồi được key đã lộ.,"Bí mật đã lộ phải được thu hồi, không phải che giấu. Xử lý hệ thống, không bêu riếu cá nhân."
Q19,Kế hoạch mật bị lộ qua bọ nghe lén cài trên ve áo bạn. Trưởng IT từng cảnh báo nhưng bạn bỏ qua.,Pháp chế soạn sẵn thông cáo: 'Nguyên nhân: sơ suất của kỹ sư Khang'. Bạn làm gì?,"Xé thông cáo, nhận trách nhiệm công khai, bảo vệ nhân viên và công bố biện pháp khắc phục",Hoãn họp báo vô thời hạn,"Không nêu tên ai, chỉ nói 'đang điều tra'","Ký thông cáo, để Khang chịu",A,1,0,1,0,Xứng danh thủ lĩnh! Bạn không lặp lại điều Hoàng từng làm với mình.,Đẩy lỗi cho cấp dưới là con đường nhanh nhất để mất niềm tin của cả tổ chức.,"Trách nhiệm đi lên, công lao đi xuống."
Q20,"Sau khủng hoảng, công ty phải cắt thưởng cuối năm.",Có đề xuất giữ nguyên thưởng cho ban lãnh đạo và cắt toàn bộ thưởng nhân viên. Bạn quyết định?,Đồng ý đề xuất,"Lãnh đạo cắt trước và cắt nhiều hơn, nhân viên cắt theo tỷ lệ, công bố rõ tiêu chí",Cắt đều mọi người theo cùng một tỷ lệ,Cắt theo đề xuất nhưng không công bố tiêu chí,B,1,1,0,2,Người đứng đầu gánh trước. Cách chia khó khăn cho team biết bạn đứng về phía ai.,"Khi khó khăn chỉ đổ lên vai nhân viên, người giỏi sẽ ra đi đầu tiên.","Công bằng là chia khó khăn theo trách nhiệm, và minh bạch tiêu chí."
Q21,"BOSS ACT 3. Server sập giữa sự kiện lớn cuối tuần. Trưởng nhóm backend đang nghỉ phép, chưa ai được phân công xử lý.",Bạn làm gì?,"Đứng ra điều phối: lập phòng chỉ huy, giao người xử lý, cập nhật người chơi mỗi giờ, sau đó viết báo cáo rút kinh nghiệm không đổ lỗi",Gọi trưởng nhóm đang nghỉ phép về xử lý,Đăng thông báo bảo trì rồi chờ tới thứ Hai,"Không phải chuyên môn của mình, đợi trưởng nhóm về",A,1,0,1,0,"Hạ gục O-Boss! Khi không ai cầm lái, bạn là người cầm lái.","Sự cố không chờ đúng người, đúng giờ. Người chơi rời game từng phút server còn sập.","Ownership là bước lên khi có khoảng trống, và để lại quy trình tốt hơn sau sự cố."
Q22,Một nhà cung cấp server mời bạn ăn tối.,Họ đề nghị 'hoa hồng' cá nhân 5% giá trị hợp đồng nếu bạn chọn họ. Bạn làm gì?,Nhận rồi chuyển vào quỹ công đoàn,"Nhận, ai cũng làm vậy","Từ chối, báo cáo theo quy định phòng chống hối lộ và đánh giá lại nhà cung cấp một cách minh bạch",Từ chối nhưng vẫn chọn họ,C,1,1,0,2,Liêm chính không có vùng xám. Báo cáo giúp công ty tránh cả những rủi ro bạn chưa thấy.,"'Ai cũng làm' không phải lý do. Hoa hồng cá nhân là hối lộ, dù sau đó tiền đi đâu.","Không nhận lợi ích cá nhân từ quyết định của công ty, và báo cáo khi được mời."
Q23,Dữ liệu HR cho thấy 30% nhân viên mới nghỉ việc trong 3 tháng đầu.,Việc này không nằm trong KPI của bạn. Bạn làm gì?,Gửi email nhắc HR xem lại,"Phỏng vấn người đã nghỉ, đề xuất thí điểm quy trình onboarding mới và đo kết quả sau một quý",Không phải KPI của mình,Chờ báo cáo cuối năm,B,1,0,1,0,"Chủ động là hành động trước khi được yêu cầu, và đo lường để biết mình đúng hay sai.",Chờ đợi thì mỗi quý lại mất thêm người. Vấn đề của công ty là vấn đề của mọi người.,"Thấy vấn đề, đề xuất thử nghiệm nhỏ, đo kết quả, rồi mở rộng."
Q24,Bạn thấy một nhân viên sắp nghỉ việc đang tải hàng loạt source code về máy cá nhân.,Bạn làm gì?,"Báo Security và quản lý theo quy trình để tạm khóa quyền truy cập bất thường, lưu bằng chứng và xử lý đúng luật",Tự nhắn tin chất vấn,Báo quản lý trực tiếp của người đó,"Kệ, sắp nghỉ rồi",A,1,0,1,0,Đúng quy trình: bảo vệ tài sản của công ty mà vẫn tôn trọng quyền của nhân viên.,Source code là tài sản cốt lõi của studio. Tự xử lý có thể làm mất bằng chứng; làm ngơ thì mất tài sản.,"Thấy dấu hiệu rò rỉ dữ liệu, báo đúng kênh, đừng tự điều tra."
Q25,Kiểm toán trước IPO phát hiện số người dùng hoạt động hằng ngày (DAU) báo cáo trước đây bị tính trùng 15%.,Bạn làm gì?,"Giữ số cũ, sửa sau IPO","Chỉ báo cho Hội đồng, không công bố ra ngoài",Đổi định nghĩa DAU để con số khớp,"Công bố điều chỉnh, giải thích nguyên nhân và sửa lại phương pháp đo",D,1,1,0,2,Minh bạch trước IPO là nền móng cho niềm tin của nhà đầu tư sau IPO.,Số liệu sai trong hồ sơ IPO có thể dẫn tới kiện tụng và mất toàn bộ định giá.,Sai thì sửa công khai; không đổi định nghĩa để che sai.
Q26,"Tin đồn 'IPO sẽ bị hoãn' lan khắp công ty, nhiều người lo lắng.",Bạn làm gì?,Cấm mọi người bàn tán,Gửi email động viên chung,Hứa chắc chắn IPO sẽ thành công,"Họp toàn công ty, chia sẻ những gì được phép chia sẻ, lộ trình tiếp theo và trả lời câu hỏi",D,0,1,0,4,Thông tin rõ ràng là liều thuốc tốt nhất cho tin đồn. Team yên tâm làm việc.,Cấm đoán hay hứa suông đều làm tin đồn mạnh thêm. Hãy chia sẻ những gì có thể chia sẻ.,"Tích cực là giao tiếp thẳng thắn trong bất định, không phải hứa suông."
Q27,"Checklist IPO còn 12 hạng mục trong 2 tuần, nhiều hạng mục chưa rõ ai phụ trách.",Bạn làm gì?,Giao hết cho phòng pháp chế,Xin lùi IPO,"Giao người phụ trách và hạn cho từng hạng mục, họp nhanh 15 phút mỗi ngày, gỡ điểm nghẽn ngay",Tự mình làm hết những hạng mục quan trọng,C,1,0,1,0,"Mỗi việc một người chịu trách nhiệm, mỗi ngày một lần kiểm tra. Checklist về đích đúng hạn.",Việc không có người phụ trách là việc không ai làm. Tự ôm hết thì bạn thành điểm nghẽn.,"Theo đến cùng là rõ người, rõ hạn, rõ nhịp kiểm tra."
Q28,"BOSS ACT 4. Hai ngày trước roadshow IPO, phát hiện 5.000 tài khoản người chơi bị lộ dữ liệu do lỗi của team bạn. Công bố lúc này có thể làm giảm định giá.",Bạn làm gì?,"Âm thầm vá lỗi, chỉ thông báo cho người dùng bị ảnh hưởng","Kích hoạt ứng phó sự cố: khoanh vùng, thông báo người dùng và cơ quan chức năng theo luật, công bố minh bạch với nhà đầu tư, nhận trách nhiệm và giữ team bình tĩnh bằng kế hoạch khắc phục","Hoãn roadshow vô thời hạn, không giải thích",Giấu đến sau IPO,B,1,1,1,5,"Vượt qua Leadership Test! Bạn dùng đủ cả 4 giá trị cùng lúc: trung thực, chủ động, tích cực và bảo mật.","Giấu sự cố dữ liệu trước IPO là vi phạm pháp luật và đạo đức. Khi bị phát hiện, cả công ty trả giá.","Lãnh đạo thật sự lộ ra lúc áp lực lớn nhất: nói thật, nhận trách nhiệm, bảo vệ người dùng, dẫn dắt team."
